,Number_of_presentations,ICC2_values
0,1,0.002556084975811995
1,2,0.025841654366617145
2,3,0.05034356247961239
3,4,0.051783868018871415
4,5,0.06719836996819044
5,6,0.07001943397334681
